<?xml version="1.0" standalone="yes"?>  <DATAPACKET Version="2.0"><METADATA><FIELDS><FIELD attrname="Linha" fieldtype="i4"/><FIELD attrname="Arquivo" fieldtype="string" WIDTH="255"/><FIELD attrname="Tipo" fieldtype="string" WIDTH="4"/></FIELDS><PARAMS CHANGE_LOG="1 0 4 2 0 4 3 0 4"/></METADATA><ROWDATA><ROW RowState="4" Linha="201" Arquivo="C:&#092;Program Files (x86)&#092;Borland&#092;Delphi6&#092;Source&#092;Vcl&#092;corbacon.pas" Tipo="PAS"/><ROW RowState="4" Linha="316" Arquivo="C:&#092;Program Files (x86)&#092;Borland&#092;Delphi6&#092;Source&#092;Vcl&#092;Dialogs.pas" Tipo="PAS"/><ROW RowState="4" Linha="844" Arquivo="C:&#092;Program Files (x86)&#092;Borland&#092;Delphi6&#092;Source&#092;Vcl&#092;SvcMgr.pas" Tipo="PAS"/></ROWDATA></DATAPACKET>